analysis_set,subgroup_family,subgroup,n,spearman_score_vs_pfs1,spearman_ci95_lower,spearman_ci95_upper,pairwise_c_index,cindex_ci95_lower,cindex_ci95_upper,median_actual_model_score,median_pfs1_months,top3_coverage
model_native_monotherapy,PACC vs non-PACC,classical_like,8,-0.6801842415181628,-0.9058216273156765,-0.17429786813223805,0.2777777777777778,0.15217391304347827,0.5,0.679,19.6,0.0
model_native_monotherapy,PACC vs non-PACC,pacc,16,0.31931298801289854,-0.21710130434855482,0.749871241152025,0.6083333333333333,0.4212962962962963,0.7850877192982456,0.666,8.75,0.8125
model_native_monotherapy,single vs compound mutation,Compound mutation,9,0.30276503540974914,-0.49319696191607193,0.8583950752789521,0.5972222222222222,0.3387096774193548,0.8333333333333334,0.749,15.9,0.8888888888888888
model_native_monotherapy,single vs compound mutation,Single mutation,15,0.22371654858937365,-0.4760165546487071,0.774643448368334,0.5673076923076923,0.3177083333333333,0.7806122448979592,0.679,15.7,0.3333333333333333
proxy_sensitivity_including_icotinib,PACC vs non-PACC,classical_like,8,-0.6801842415181628,-0.9058216273156765,-0.17541160386140583,0.2777777777777778,0.14705882352941177,0.5,0.679,19.6,0.0
proxy_sensitivity_including_icotinib,PACC vs non-PACC,pacc,21,0.39444258845230645,-0.03889693200247054,0.7402492961657883,0.638095238095238,0.4876237623762376,0.78,0.666,8.7,0.6666666666666666
proxy_sensitivity_including_icotinib,single vs compound mutation,Compound mutation,13,0.5241424183609592,-0.03863712414277084,0.8619050770310418,0.6730769230769231,0.4855072463768116,0.8356164383561644,0.666,11.3,0.6923076923076923
proxy_sensitivity_including_icotinib,single vs compound mutation,Single mutation,16,0.25118348964921217,-0.3931147550474972,0.732927649323365,0.5756302521008403,0.35046728971962615,0.7616822429906542,0.679,13.649999999999999,0.3125
