metric,primary_n24_estimate,primary_ci95,sensitivity_n29_estimate,sensitivity_ci95,direction_consistent,ci_overlap_interpretation
spearman_score_vs_pfs1,0.2877182325581308,-0.18398650897405636 to 0.6866325523310298,0.39614361571403145,-0.0005048553980595689 to 0.7112283272037574,True,CIs overlap; sensitivity analysis preserves the positive direction.
pairwise_c_index,0.5945454545454546,0.4263565891472868 to 0.7518796992481203,0.6333333333333333,0.49743589743589745 to 0.7570332480818415,True,CIs overlap; sensitivity analysis preserves the positive direction.
