variant_model,drug,mean_score,sd_score,min_score,max_score,median_rank,best_rank_count,score_range_kcal_mol
G719S,afatinib,-9.029666666666666,0.049652123150308244,-9.087,-9.001,3.0,0,0.0860000000000003
G719S,furmonertinib,-9.267666666666667,0.10507774899251109,-9.389,-9.207,2.0,0,0.1819999999999986
G719S,osimertinib,-9.452333333333334,0.29502598755589804,-9.793,-9.282,1.0,3,0.5109999999999992
L861Q,afatinib,-9.139000000000001,0.11777945491468426,-9.275,-9.071,2.0,0,0.20400000000000063
L861Q,furmonertinib,-9.648666666666665,0.09988159656980554,-9.764,-9.591,1.0,2,0.17300000000000004
L861Q,osimertinib,-9.194666666666668,0.527698146039318,-9.804,-8.89,3.0,1,0.9139999999999997
S768I,afatinib,-9.268666666666666,0.15472987214281986,-9.358,-9.09,2.0,0,0.2680000000000007
S768I,furmonertinib,-9.493,0.2182384017536776,-9.745,-9.367,1.0,3,0.37799999999999834
S768I,osimertinib,-9.330666666666668,0.3406366588218789,-9.724,-9.134,3.0,0,0.5899999999999999
WT,afatinib,-9.352,0.006928203230274746,-9.36,-9.348,2.0,1,0.011999999999998678
WT,furmonertinib,-9.178666666666667,0.07851963660978968,-9.224,-9.088,3.0,0,0.136000000000001
WT,osimertinib,-9.551,0.2788601800185898,-9.712,-9.229,1.0,2,0.48300000000000054
